City_ID,City,Country,Date,Lat,Lng,Max Temp,Humidity,Cloudiness,Wind Speed
0,Okhotsk,RU,2022-03-27 17:50:42,59.3833,143.3,-2.49,85,34,11.97
1,Cape Town,ZA,2022-03-27 17:50:42,-33.9258,18.4232,73.81,40,0,4.61
2,Busselton,AU,2022-03-27 17:50:43,-33.65,115.3333,58.21,70,0,14.56
3,Pinawa,CA,2022-03-27 17:50:43,50.1489,-95.8811,15.35,53,20,6.26
4,East London,ZA,2022-03-27 17:50:43,-33.0153,27.9116,70.74,83,0,11.5
5,Vaini,TO,2022-03-27 17:50:44,-21.2,-175.2,77.16,88,40,6.91
6,El Tigre,VE,2022-03-27 17:50:44,8.8875,-64.2454,86.47,49,100,12.97
7,Saint-Philippe,RE,2022-03-27 17:50:44,-21.3585,55.7679,80.19,87,90,9.22
8,Punta Arenas,CL,2022-03-27 17:50:21,-53.15,-70.9167,51.91,54,0,23.02
9,Luanda,AO,2022-03-27 17:48:59,-8.8368,13.2343,84.2,74,20,14.97
10,Clyde River,CA,2022-03-27 17:50:45,70.4692,-68.5914,-1.97,78,100,8.05
11,Ushuaia,AR,2022-03-27 17:50:45,-54.8,-68.3,49.66,66,75,6.91
12,Talnakh,RU,2022-03-27 17:50:46,69.4865,88.3972,-0.69,86,55,4.43
13,Bredasdorp,ZA,2022-03-27 17:50:46,-34.5322,20.0403,65.61,83,87,5.48
14,Elliot Lake,CA,2022-03-27 17:50:46,46.3834,-82.6331,14.7,48,100,12.17
15,Komsomolskiy,UZ,2022-03-27 17:50:47,40.4272,71.7189,48.92,61,56,2.3
16,Albany,US,2022-03-27 17:48:32,42.6001,-73.9662,40.03,59,100,3.0
17,Mar Del Plata,AR,2022-03-27 17:50:47,-38.0023,-57.5575,75.22,57,0,20.0
18,Jijiga,ET,2022-03-27 17:50:48,9.35,42.8,65.01,42,14,12.55
19,Port Macquarie,AU,2022-03-27 17:49:44,-31.4333,152.9167,66.09,100,75,0.0
20,Port Alfred,ZA,2022-03-27 17:50:48,-33.5906,26.891,70.18,85,63,5.01
21,Cherskiy,RU,2022-03-27 17:50:48,68.75,161.3,0.16,98,100,7.34
22,Palmer,US,2022-03-27 17:50:49,42.1584,-72.3287,44.62,52,100,14.97
23,Cidreira,BR,2022-03-27 17:50:49,-30.1811,-50.2056,76.48,58,0,6.71
24,Sao Miguel Do Araguaia,BR,2022-03-27 17:50:49,-13.275,-50.1628,88.21,55,12,2.3
25,Rikitea,PF,2022-03-27 17:50:50,-23.1203,-134.9692,78.87,70,3,11.48
26,Hithadhoo,MV,2022-03-27 17:50:50,-0.6,73.0833,82.56,64,0,4.92
27,Brae,GB,2022-03-27 17:50:50,60.3964,-1.353,47.97,85,31,17.43
28,Kazerun,IR,2022-03-27 17:50:51,29.6195,51.6541,55.53,31,0,4.54
29,Arraial Do Cabo,BR,2022-03-27 17:50:51,-22.9661,-42.0278,82.26,78,75,14.97
30,Kaitangata,NZ,2022-03-27 17:50:51,-46.2817,169.8464,49.28,95,20,2.06
31,Fairbanks,US,2022-03-27 17:47:22,64.8378,-147.7164,32.81,82,0,4.61
32,Padang,ID,2022-03-27 17:50:52,-0.9492,100.3543,75.51,71,40,4.36
33,Mataura,NZ,2022-03-27 17:50:52,-46.1927,168.8643,47.1,98,13,1.52
34,Carnarvon,AU,2022-03-27 17:50:53,-24.8667,113.6333,71.67,83,0,5.75
35,Tiarei,PF,2022-03-27 17:50:53,-17.5333,-149.3333,80.62,76,30,14.05
36,Camocim,BR,2022-03-27 17:50:53,-2.9022,-40.8411,81.39,86,99,9.78
37,Longyearbyen,SJ,2022-03-27 17:50:54,78.2186,15.6401,4.84,72,20,12.66
38,Araouane,ML,2022-03-27 17:50:54,18.9048,-3.5265,94.78,9,29,3.71
39,Evensk,RU,2022-03-27 17:50:54,61.95,159.2333,6.33,80,48,14.81
40,Jieshi,CN,2022-03-27 17:50:55,22.8134,115.8257,64.94,84,100,19.64
41,Saiha,IN,2022-03-27 17:50:55,22.4833,92.9667,66.43,93,69,3.49
42,Lebu,CL,2022-03-27 17:50:55,-37.6167,-73.65,61.3,66,48,10.31
43,Manta,EC,2022-03-27 17:50:46,-0.95,-80.7333,83.98,79,75,4.61
44,Vila Velha,BR,2022-03-27 17:50:56,-20.3297,-40.2925,91.35,70,20,10.36
45,Hobart,AU,2022-03-27 17:50:56,-42.8794,147.3294,61.05,76,94,5.75
46,Narsaq,GL,2022-03-27 17:50:57,60.9167,-46.05,37.06,59,100,11.88
47,Sao Joao Da Barra,BR,2022-03-27 17:46:32,-21.6403,-41.0511,91.49,76,2,13.2
48,Bluff,NZ,2022-03-27 17:50:57,-46.6,168.3333,52.41,89,12,2.86
49,Kirakira,SB,2022-03-27 17:51:58,-10.4544,161.9205,79.21,85,100,3.78
50,Kyakhta,RU,2022-03-27 17:51:58,50.3508,106.4494,20.95,87,97,9.1
51,Kodiak,US,2022-03-27 17:51:58,57.79,-152.4072,33.31,86,100,19.57
52,Verkhnyaya Inta,RU,2022-03-27 17:51:59,65.9811,60.3094,17.87,73,100,17.67
53,Tuktoyaktuk,CA,2022-03-27 17:51:59,69.4541,-133.0374,-18.4,69,0,6.91
54,Nome,US,2022-03-27 17:51:59,64.5011,-165.4064,20.16,79,100,4.61
55,Lata,PT,2022-03-27 17:52:00,40.1629,-8.3327,68.81,54,87,8.46
56,Torbay,CA,2022-03-27 17:52:00,47.6666,-52.7314,45.28,88,100,19.57
57,Havre-Saint-Pierre,CA,2022-03-27 17:52:00,50.2334,-63.5986,32.36,93,100,25.32
58,Chicama,PE,2022-03-27 17:52:01,-7.8447,-79.1469,68.54,57,100,8.61
59,Beringovskiy,RU,2022-03-27 17:52:01,63.05,179.3167,-8.45,100,84,5.66
60,Dikson,RU,2022-03-27 17:52:02,73.5069,80.5464,-16.33,98,14,4.85
61,Georgetown,MY,2022-03-27 17:49:50,5.4112,100.3354,83.95,88,20,7.0
62,Jamestown,US,2022-03-27 17:49:04,42.097,-79.2353,24.53,64,100,16.11
63,Puerto Carreno,CO,2022-03-27 17:49:11,6.189,-67.4859,94.98,41,20,8.05
64,Barrow,US,2022-03-27 17:50:01,71.2906,-156.7887,-3.98,71,0,19.57
65,New Norfolk,AU,2022-03-27 17:52:02,-42.7826,147.0587,60.71,63,99,2.48
66,Boa Vista,BR,2022-03-27 17:52:03,2.8197,-60.6733,89.58,51,75,14.97
67,Tiszaujvaros,HU,2022-03-27 17:52:03,47.9333,21.0833,45.52,35,5,6.67
68,Satkhira,BD,2022-03-27 17:52:04,22.7167,89.1,79.52,87,65,10.56
69,Umm Lajj,SA,2022-03-27 17:52:04,25.0213,37.2685,72.5,54,15,19.44
70,Puerto Ayora,EC,2022-03-27 17:51:45,-0.7393,-90.3518,82.36,81,73,11.16
71,Alta Floresta,BR,2022-03-27 17:52:04,-9.8756,-56.0861,85.82,70,75,2.3
72,Cayenne,GF,2022-03-27 17:52:05,4.9333,-52.3333,84.24,1,75,19.57
73,Mahebourg,MU,2022-03-27 17:52:05,-20.4081,57.7,79.09,83,20,2.3
74,Ust-Ordynskiy,RU,2022-03-27 17:52:05,52.805,104.7508,7.39,95,100,2.91
75,Hay River,CA,2022-03-27 17:52:06,60.8156,-115.7999,-4.02,84,75,5.75
76,Vila Do Maio,CV,2022-03-27 17:52:06,15.1333,-23.2167,75.99,72,57,14.03
77,Saskylakh,RU,2022-03-27 17:52:06,71.9167,114.0833,-5.96,99,100,3.85
78,Chuy,UY,2022-03-27 17:52:07,-33.6971,-53.4616,81.28,36,9,12.37
79,Tefe,BR,2022-03-27 17:52:07,-3.3542,-64.7114,87.91,70,75,5.75
80,Ketchikan,US,2022-03-27 17:48:15,55.3422,-131.6461,43.27,75,20,12.66
81,Korla,CN,2022-03-27 17:52:08,41.7597,86.1469,53.38,36,85,9.08
82,Ambilobe,MG,2022-03-27 17:52:12,-13.2,49.05,75.56,92,35,2.59
83,Castro,BR,2022-03-27 17:52:13,-24.7911,-50.0119,77.83,55,3,7.14
84,Upernavik,GL,2022-03-27 17:52:13,72.7868,-56.1549,27.12,72,100,1.9
85,Kabo,CF,2022-03-27 17:52:13,7.6994,18.629,86.47,11,78,5.7
86,Vestmannaeyjar,IS,2022-03-27 17:52:14,63.4427,-20.2734,46.35,92,100,10.09
87,Taltal,CL,2022-03-27 17:52:14,-25.4,-70.4833,71.26,65,9,8.63
88,Meulaboh,ID,2022-03-27 17:52:14,4.1363,96.1285,78.24,84,94,3.11
89,Atuona,PF,2022-03-27 17:52:15,-9.8,-139.0333,78.96,78,32,17.72
90,Avarua,CK,2022-03-27 17:52:15,-21.2078,-159.775,80.65,83,40,6.91
91,Cape Canaveral,US,2022-03-27 17:52:16,28.4058,-80.6048,79.02,32,0,11.5
92,Anloga,GH,2022-03-27 17:52:16,5.7947,0.8973,83.68,81,92,15.37
93,Esperance,AU,2022-03-27 17:53:16,-33.8667,121.9,62.44,69,99,12.28
94,Cape Coast,GH,2022-03-27 17:53:17,5.1053,-1.2466,82.78,80,50,12.66
95,Yarmouth,US,2022-03-27 17:53:17,41.7057,-70.2286,51.91,58,75,19.57
96,Rabaul,PG,2022-03-27 17:53:17,-4.1967,152.1721,80.38,79,99,5.39
97,Butaritari,KI,2022-03-27 17:53:18,3.0707,172.7902,80.17,71,79,7.45
98,Westport,US,2022-03-27 17:53:18,41.1415,-73.3579,47.44,49,86,10.0
99,Chara,RU,2022-03-27 17:53:19,56.9064,118.2631,12.49,87,93,2.84
100,La Cruz,MX,2022-03-27 17:53:19,23.9167,-106.9,79.23,43,2,7.78
101,Los Llanos De Aridane,ES,2022-03-27 17:51:40,28.6585,-17.9182,65.95,83,40,9.22
102,Bambous Virieux,MU,2022-03-27 17:53:20,-20.3428,57.7575,79.05,83,20,2.3
103,La Orilla,MX,2022-03-27 17:53:20,17.9833,-102.2333,85.73,32,85,8.16
104,Port Elizabeth,ZA,2022-03-27 17:53:20,-33.918,25.5701,73.09,90,0,17.27
105,Jizan,SA,2022-03-27 17:53:21,17.3333,42.6667,81.54,71,16,5.23
106,Morozovsk,RU,2022-03-27 17:53:21,48.3539,41.8261,31.35,83,100,17.87
107,Klaksvik,FO,2022-03-27 17:53:21,62.2266,-6.589,49.12,87,53,20.22
108,Kununurra,AU,2022-03-27 17:49:01,-15.7667,128.7333,76.98,88,94,4.61
109,Aklavik,CA,2022-03-27 17:53:22,68.2191,-135.0107,-11.2,77,0,3.44
110,Tasiilaq,GL,2022-03-27 17:53:22,65.6145,-37.6368,27.21,77,100,11.27
111,Vila Franca Do Campo,PT,2022-03-27 17:53:23,37.7167,-25.4333,64.81,78,19,13.22
112,Saint-Joseph,RE,2022-03-27 17:53:23,-21.3667,55.6167,79.18,86,89,8.88
113,Abalak,RU,2022-03-27 17:53:23,58.1286,68.5944,13.68,94,73,9.28
114,Luderitz,NA,2022-03-27 17:53:24,-26.6481,15.1594,66.15,66,1,4.32
115,Pombas,CV,2022-03-27 17:53:24,17.1503,-25.0201,71.38,75,32,10.25
116,Yellowknife,CA,2022-03-27 17:50:46,62.456,-114.3525,5.41,76,20,6.91
117,Biloela,AU,2022-03-27 17:53:24,-24.4167,150.5,69.39,84,93,5.66
118,Sanmenxia,CN,2022-03-27 17:53:25,34.7747,111.1814,46.24,51,25,8.21
119,Ayacucho,PE,2022-03-27 17:53:25,-13.1583,-74.2239,66.06,55,75,8.05
120,Corinto,GR,2022-03-27 17:53:26,37.9407,22.9573,57.42,55,67,2.59
121,Katobu,ID,2022-03-27 17:53:26,-4.9408,122.5276,75.16,89,91,1.03
122,Faanui,PF,2022-03-27 17:53:26,-16.4833,-151.75,81.37,74,29,12.06
123,Inhambane,MZ,2022-03-27 17:53:27,-23.865,35.3833,77.0,78,20,0.0
124,Axim,GH,2022-03-27 17:53:27,4.8699,-2.2405,82.51,77,57,9.42
125,Opuwo,NA,2022-03-27 17:53:29,-18.0607,13.84,75.06,31,14,4.32
126,Itupiranga,BR,2022-03-27 17:53:29,-5.1347,-49.3267,84.52,78,93,2.42
127,Laguna De Perlas,NI,2022-03-27 17:53:30,12.3429,-83.6712,84.29,63,86,13.24
128,Te Anau,NZ,2022-03-27 17:53:30,-45.4167,167.7167,50.79,91,13,1.05
129,Wronki,PL,2022-03-27 17:53:30,52.7105,16.3804,52.34,54,35,5.68
130,Bengkulu,ID,2022-03-27 17:53:31,-3.8004,102.2655,76.69,87,46,5.39
131,Tamiahua,MX,2022-03-27 17:53:31,21.2667,-97.45,75.65,54,0,13.85
132,Bethel,US,2022-03-27 17:52:04,41.3712,-73.414,45.48,55,100,12.66
133,Provideniya,RU,2022-03-27 17:54:32,64.3833,-173.3,11.88,78,99,4.16
134,Saint-Pierre,RE,2022-03-27 17:54:32,-21.3393,55.4781,80.28,83,40,3.44
135,Hermanus,ZA,2022-03-27 17:54:32,-34.4187,19.2345,69.8,67,85,3.22
136,Half Moon Bay,US,2022-03-27 17:49:58,37.4636,-122.4286,62.11,74,100,10.36
137,Victoria,HK,2022-03-27 17:51:02,22.2855,114.1577,67.95,84,100,5.99
138,Yuzhno-Kurilsk,RU,2022-03-27 17:54:33,44.0306,145.8556,33.6,74,2,11.32
139,Kapaa,US,2022-03-27 17:54:33,22.0752,-159.319,73.38,97,44,8.43
140,Sibolga,ID,2022-03-27 17:54:34,1.7427,98.7792,75.11,79,1,3.71
141,Nurota,UZ,2022-03-27 17:54:34,40.5614,65.6886,44.35,59,0,3.83
142,Reconquista,AR,2022-03-27 17:54:34,-29.15,-59.65,81.48,36,0,1.66
143,Saint George,US,2022-03-27 17:54:35,37.1041,-113.5841,73.63,18,0,3.0
144,Trinidad,BO,2022-03-27 17:54:35,-14.8333,-64.9,85.98,62,75,0.0
145,Kayerkan,RU,2022-03-27 17:54:36,69.3497,87.7602,1.17,94,54,4.09
146,Iqaluit,CA,2022-03-27 17:54:36,63.7506,-68.5145,19.13,92,100,0.0
147,Norman Wells,CA,2022-03-27 17:54:36,65.282,-126.8329,1.44,71,100,0.0
148,Belmonte,BR,2022-03-27 17:54:37,-15.8631,-38.8828,83.61,63,60,8.41
149,Vao,NC,2022-03-27 17:54:37,-22.6667,167.4833,76.44,71,76,17.69
150,Moree,AU,2022-03-27 17:54:37,-29.4667,149.85,62.62,94,75,4.61
151,Katunino,RU,2022-03-27 17:54:38,64.3862,40.6298,19.29,89,26,7.36
152,Alice Springs,AU,2022-03-27 17:54:38,-23.7,133.8833,69.22,32,0,0.0
153,Praxedis Guerrero,MX,2022-03-27 17:54:38,31.3667,-106.0167,79.05,6,4,5.21
154,San Juan,AR,2022-03-27 17:54:39,-31.5375,-68.5364,85.39,15,43,7.63
155,Fortuna,US,2022-03-27 17:54:39,40.5982,-124.1573,52.66,97,40,8.05
156,Shambu,ET,2022-03-27 17:54:39,9.5667,37.1,63.16,20,33,0.54
157,Gizo,SB,2022-03-27 17:54:40,-8.103,156.8419,81.68,79,99,7.05
158,Bonthe,SL,2022-03-27 17:54:40,7.5264,-12.505,82.71,71,76,11.5
159,Krasnoselkup,RU,2022-03-27 17:54:40,65.7,82.4667,-8.81,98,10,4.72
160,Horizontina,BR,2022-03-27 17:54:41,-27.6258,-54.3078,79.97,45,0,1.23
161,Nago,JP,2022-03-27 17:54:41,26.5881,127.9761,64.83,79,100,14.41
162,Port Lincoln,AU,2022-03-27 17:54:42,-34.7333,135.8667,64.51,74,100,7.72
163,Yulara,AU,2022-03-27 17:54:42,-25.2406,130.9889,71.44,20,39,5.75
164,Wegrow,PL,2022-03-27 17:54:42,52.3995,22.0163,41.92,49,71,6.24
165,Dingle,PH,2022-03-27 17:54:43,10.9995,122.6711,76.78,87,72,6.42
166,Tonj,SS,2022-03-27 17:54:43,7.2737,28.6822,86.41,11,70,3.2
167,Sao Filipe,CV,2022-03-27 17:54:43,14.8961,-24.4956,71.1,71,81,11.36
168,Bend,US,2022-03-27 17:52:46,44.0582,-121.3153,54.14,64,0,4.61
169,Lere,NG,2022-03-27 17:54:44,10.387,8.5726,84.04,10,17,6.38
170,Pitimbu,BR,2022-03-27 17:54:44,-7.4706,-34.8086,84.79,76,94,11.12
171,Khatanga,RU,2022-03-27 17:54:45,71.9667,102.5,-16.76,99,97,3.67
172,Kavieng,PG,2022-03-27 17:54:45,-2.5744,150.7967,80.96,78,97,6.46
173,Cyangugu,RW,2022-03-27 17:54:45,-2.4846,28.9075,62.62,95,83,0.2
174,Labuhan,ID,2022-03-27 17:54:46,-6.8844,112.2051,77.86,89,97,6.53
175,Sapiranga,BR,2022-03-27 17:54:46,-29.6381,-51.0069,83.75,56,0,4.34
176,Andros Town,BS,2022-03-27 17:54:46,24.7,-77.7667,76.96,48,0,17.49
177,Acapulco,MX,2022-03-27 17:52:31,16.8634,-99.8901,86.14,36,69,8.97
178,Marystown,CA,2022-03-27 17:54:47,47.1666,-55.1483,40.86,100,100,8.99
179,Moussoro,TD,2022-03-27 17:55:47,13.6408,16.4901,82.8,7,37,13.91
180,Korsakovo,RU,2022-03-27 17:55:47,53.2677,37.3569,22.55,71,99,18.95
181,Sorland,NO,2022-03-27 17:55:48,67.667,12.6934,39.06,78,98,26.24
182,Tiznit,MA,2022-03-27 17:55:48,29.5833,-9.5,79.95,16,92,11.5
183,Tessalit,ML,2022-03-27 17:55:48,20.1986,1.0114,93.74,8,72,8.34
184,Sechura,PE,2022-03-27 17:55:49,-5.5569,-80.8222,83.71,53,100,9.53
185,Wewak,PG,2022-03-27 17:55:49,-3.5534,143.6268,79.05,83,98,7.45
186,Kaeo,NZ,2022-03-27 17:55:49,-35.1,173.7833,56.32,92,5,4.52
187,Straumen,NO,2022-03-27 17:55:50,63.8709,11.2999,44.6,92,100,26.31
188,Innisfail,AU,2022-03-27 17:55:50,-17.5333,146.0333,72.36,91,49,3.69
189,Nikolskoye,RU,2022-03-27 17:55:51,59.7035,30.7861,26.8,84,91,4.36
190,Ajdabiya,LY,2022-03-27 17:55:51,30.7554,20.2263,68.0,16,4,12.57
191,Hasaki,JP,2022-03-27 17:55:51,35.7333,140.8333,50.29,65,100,11.14
192,Kafanchan,NG,2022-03-27 17:55:52,9.5833,8.3,85.41,11,7,6.98
193,Soure,BR,2022-03-27 17:55:52,-0.7167,-48.5233,81.5,79,99,10.96
194,Falavarjan,IR,2022-03-27 17:55:52,32.5553,51.5097,52.81,14,0,11.88
195,Baft,IR,2022-03-27 17:55:53,29.234,56.6057,53.37,14,0,2.77
196,Huarmey,PE,2022-03-27 17:55:53,-10.0681,-78.1522,76.53,70,81,11.63
197,Rawson,AR,2022-03-27 17:55:53,-43.3002,-65.1023,68.97,24,0,22.03
198,Ponta Do Sol,PT,2022-03-27 17:55:54,32.6667,-17.1,63.72,78,65,6.76
199,Sundsvall,SE,2022-03-27 17:55:54,62.3913,17.3063,33.76,93,100,3.44
200,Hilo,US,2022-03-27 17:55:54,19.7297,-155.09,71.62,91,69,1.01
201,Dawei,MM,2022-03-27 17:55:55,14.0833,98.2,77.27,90,8,1.54
202,Drovyanaya,RU,2022-03-27 17:55:55,51.5833,113.0333,15.44,90,32,2.77
203,Mudon,MM,2022-03-27 17:55:55,16.2578,97.7164,79.48,79,23,4.34
204,Loviisa,FI,2022-03-27 17:55:56,60.4566,26.2251,26.29,95,100,11.07
205,Tiksi,RU,2022-03-27 17:55:56,71.6872,128.8694,-15.12,100,77,5.75
206,Moron,AR,2022-03-27 17:55:56,-34.6534,-58.6198,83.01,39,0,7.58
207,Krapivinskiy,RU,2022-03-27 17:55:57,54.9992,86.8133,12.96,88,100,3.29
208,Hammerfest,NO,2022-03-27 17:54:23,70.6634,23.6821,18.05,62,0,10.36
209,Terrace Bay,CA,2022-03-27 17:55:57,48.7834,-87.1,9.84,64,94,15.21
210,Qaanaaq,GL,2022-03-27 17:55:57,77.484,-69.3632,7.41,77,100,5.75
211,Quatre Cocos,MU,2022-03-27 17:55:58,-20.2078,57.7625,78.91,75,28,8.59
212,Biltine,TD,2022-03-27 17:55:58,14.5333,20.9167,81.19,7,1,15.77
213,Lesozavodsk,RU,2022-03-27 17:55:58,45.4794,133.4244,30.47,79,77,9.66
214,Muli,MV,2022-03-27 17:55:59,2.9167,73.5667,82.96,69,15,9.35
215,Gewane,ET,2022-03-27 17:55:59,10.1664,40.6453,85.91,33,25,7.9
216,Pointe Michel,DM,2022-03-27 17:55:59,15.25,-61.3833,86.94,62,20,3.44
217,Sinnamary,GF,2022-03-27 17:56:00,5.3833,-52.95,81.21,75,98,12.17
218,Nanortalik,GL,2022-03-27 17:56:00,60.1432,-45.2371,31.96,80,100,2.19
219,Wolow,PL,2022-03-27 17:56:00,51.3366,16.6443,50.13,43,44,6.24
220,Konispol,AL,2022-03-27 17:56:01,39.6589,20.1814,52.75,65,84,2.01
221,Katsuura,JP,2022-03-27 17:53:19,35.1333,140.3,55.47,77,100,10.18
222,Hirtshals,DK,2022-03-27 17:56:01,57.5881,9.9592,47.16,75,22,22.82
223,Sovetskiy,RU,2022-03-27 17:56:02,61.3614,63.5842,23.7,90,100,14.61
224,Lac-Megantic,CA,2022-03-27 17:56:02,45.5834,-70.8823,36.55,86,100,12.57
225,Rongcheng,CN,2022-03-27 17:56:02,30.634,117.8517,51.4,89,100,4.88
226,Savannakhet,LA,2022-03-27 17:56:03,16.566,104.751,73.99,87,85,9.8
227,Panaba,MX,2022-03-27 17:56:03,21.2833,-88.2667,87.17,27,5,13.85
228,Saint-Augustin,CA,2022-03-27 17:57:04,51.226,-58.6502,32.92,99,100,18.99
229,Chukhloma,RU,2022-03-27 17:57:04,58.7525,42.6825,18.16,83,100,14.45
230,Bathsheba,BB,2022-03-27 17:57:04,13.2167,-59.5167,84.81,61,40,19.57
231,Cabo San Lucas,MX,2022-03-27 17:54:05,22.8909,-109.9124,82.62,32,19,1.99
232,Touros,BR,2022-03-27 17:57:05,-5.1989,-35.4608,84.61,67,97,13.0
233,Adrar,MR,2022-03-27 17:57:05,20.5022,-10.0711,92.68,8,14,6.24
234,Fukue,JP,2022-03-27 17:57:06,32.6881,128.8419,54.41,58,100,17.63
235,Ogulin,HR,2022-03-27 17:57:06,45.2661,15.2286,50.61,59,0,2.19
236,Alekseyevka,RU,2022-03-27 17:57:06,50.6309,38.6903,27.18,68,100,18.63
237,Northam,GB,2022-03-27 17:57:07,51.0333,-4.2167,55.38,85,0,6.35
238,Hamilton,US,2022-03-27 17:57:07,39.1834,-84.5333,40.6,50,41,5.99
239,Itoman,JP,2022-03-27 17:57:08,26.1247,127.6694,66.22,82,100,14.97
240,Parati,BR,2022-03-27 17:57:08,-23.2178,-44.7131,77.23,95,78,5.17
241,Andenes,NO,2022-03-27 17:57:08,69.3143,16.1194,28.38,74,75,19.57
242,Nynashamn,SE,2022-03-27 17:57:09,58.9034,17.9479,45.1,65,100,12.91
243,Coruripe,BR,2022-03-27 17:57:09,-10.1256,-36.1756,82.89,72,78,13.42
244,Pacific Grove,US,2022-03-27 17:57:09,36.6177,-121.9166,56.07,87,100,1.99
245,Tam Ky,VN,2022-03-27 17:57:10,15.5667,108.4833,73.44,87,100,4.27
246,Zabaykalsk,RU,2022-03-27 17:57:10,49.6333,117.3167,21.31,48,21,5.53
247,Clarence Town,AU,2022-03-27 17:57:10,-32.5833,151.7833,70.86,98,100,0.72
248,Caravelas,BR,2022-03-27 17:57:11,-17.7125,-39.2481,84.97,59,8,9.62
249,Abu Dhabi,AE,2022-03-27 17:57:11,24.4667,54.3667,73.51,63,0,10.36
250,Gerede,TR,2022-03-27 17:57:11,40.8008,32.1969,27.9,95,46,4.9
251,Sur,OM,2022-03-27 17:57:12,22.5667,59.5289,80.92,49,0,5.57
252,Geraldton,AU,2022-03-27 17:57:12,-28.7667,114.6,73.81,83,37,14.97
253,Upata,VE,2022-03-27 17:57:13,8.0086,-62.3989,90.79,38,95,8.86
254,Saint-Francois,FR,2022-03-27 17:57:13,46.4154,3.9054,65.64,39,0,3.44
255,Santiago,CL,2022-03-27 17:54:55,-33.4569,-70.6483,84.29,34,0,4.61
256,Creel,MX,2022-03-27 17:57:13,27.75,-107.6333,65.95,7,86,8.72
257,Altar,MX,2022-03-27 17:57:14,30.7,-111.8167,83.95,7,98,10.71
258,Auki,SB,2022-03-27 17:57:14,-8.7676,160.7034,77.68,86,100,3.76
259,Hajduboszormeny,HU,2022-03-27 17:57:15,47.6667,21.5167,51.53,34,14,6.64
260,Rumoi,JP,2022-03-27 17:57:16,43.9344,141.6428,38.3,78,90,19.28
261,Ginda,IN,2022-03-27 17:57:16,30.6945,78.4932,58.08,29,0,8.37
262,Santa Fe,AR,2022-03-27 17:57:17,-31.6333,-60.7,85.01,45,3,4.0
263,Mazamari,PE,2022-03-27 17:57:17,-11.3258,-74.5308,90.21,45,86,2.89
264,Banda Aceh,ID,2022-03-27 17:57:17,5.5577,95.3222,80.73,79,13,3.47
265,Juneau,US,2022-03-27 17:56:44,58.3019,-134.4197,39.85,89,83,1.03
266,Takoradi,GH,2022-03-27 17:57:18,4.8845,-1.7554,82.9,77,30,10.51
267,Miraflores,MX,2022-03-27 17:57:18,19.2167,-98.8083,71.02,15,20,5.3
268,Bernal,PE,2022-03-27 17:57:18,-5.45,-80.75,88.32,43,100,7.49
269,Lahat,ID,2022-03-27 17:57:19,-3.8,103.5333,73.02,97,95,2.66
270,Kaili,ID,2022-03-27 17:57:19,-3.4626,120.2147,66.09,89,100,3.65
271,Namatanai,PG,2022-03-27 17:57:19,-3.6667,152.4333,78.84,84,100,4.81
272,Ekimchan,RU,2022-03-27 17:57:20,53.0667,132.9667,-1.57,99,100,2.55
273,Ramhormoz,IR,2022-03-27 17:58:20,31.28,49.6035,61.68,23,0,7.49
274,Grand Gaube,MU,2022-03-27 17:58:20,-20.0064,57.6608,79.2,83,18,1.99
275,Ferrol,ES,2022-03-27 17:58:21,43.4832,-8.2369,64.92,71,54,3.51
276,Vanimo,PG,2022-03-27 17:58:21,-2.6741,141.3028,76.96,86,80,5.17
277,Shestakovo,RU,2022-03-27 17:58:22,56.4915,103.96,13.17,92,99,8.93
278,Marzuq,YE,2022-03-27 17:58:18,14.4,46.4667,68.95,35,87,6.35
279,Hambantota,LK,2022-03-27 17:58:22,6.1241,81.1185,80.02,81,16,7.43
280,Lamar,US,2022-03-27 17:58:22,33.6668,-95.5836,76.98,51,11,7.83
281,Pringsewu,ID,2022-03-27 17:58:23,-5.3582,104.9744,73.22,97,71,1.12
282,Raudeberg,NO,2022-03-27 17:58:23,61.9875,5.1352,46.96,85,88,24.25
283,Concepcion Del Oro,MX,2022-03-27 17:58:23,24.6333,-101.4167,69.84,11,30,3.65
284,Tabou,CI,2022-03-27 17:58:24,4.423,-7.3528,82.62,76,90,7.4
285,Valparaiso,CL,2022-03-27 17:58:24,-33.0393,-71.6273,70.03,55,0,12.66
286,Chokurdakh,RU,2022-03-27 17:58:24,70.6333,147.9167,-9.47,100,98,6.38
287,Kinwat,IN,2022-03-27 17:58:25,19.6333,78.2,89.55,14,2,3.67
288,Sitka,US,2022-03-27 17:58:25,57.0531,-135.33,40.91,72,45,4.18
289,Mabai,CN,2022-03-27 17:58:25,23.0128,104.4508,52.03,92,99,5.26
290,Krasnaya Gorbatka,RU,2022-03-27 17:58:26,55.8703,41.7641,22.41,83,100,15.35
291,Mount Gambier,AU,2022-03-27 17:58:26,-37.8333,140.7667,62.51,88,75,8.05
292,Suclayin,PH,2022-03-27 17:58:26,15.7568,121.5503,76.35,93,93,2.28
293,Irbil,IQ,2022-03-27 17:58:27,36.1926,44.0106,48.02,53,22,5.75
294,Artyom,AZ,2022-03-27 17:58:27,40.4723,50.333,53.74,59,3,28.48
295,Galle,LK,2022-03-27 17:58:28,6.0367,80.217,78.73,86,42,9.28
296,Jalu,LY,2022-03-27 17:58:28,29.0331,21.5482,67.66,13,2,9.62
297,Opelika,US,2022-03-27 17:58:28,32.6454,-85.3783,68.88,35,26,8.61
298,Henties Bay,NA,2022-03-27 17:58:29,-22.116,14.2845,65.66,81,4,3.98
299,Seoul,KR,2022-03-27 17:58:29,37.5683,126.9778,38.64,64,0,3.44
300,Darhan,MN,2022-03-27 17:58:29,49.4867,105.9228,27.99,69,100,7.36
301,Guayaramerin,BO,2022-03-27 17:58:30,-10.8368,-65.3614,78.85,83,100,8.05
302,Talcahuano,CL,2022-03-27 17:58:31,-36.7167,-73.1167,64.08,68,20,10.36
303,Osa,RU,2022-03-27 17:58:31,57.2829,55.4567,33.48,97,100,15.52
304,Windhoek,NA,2022-03-27 17:56:01,-22.5594,17.0832,75.4,35,1,2.3
305,George Town,MY,2022-03-27 17:58:32,5.4112,100.3354,83.95,88,20,7.0
306,Deputatskiy,RU,2022-03-27 17:58:32,69.3,139.9,-11.45,97,65,5.19
307,Karratha,AU,2022-03-27 17:58:33,-20.7377,116.8463,82.71,67,100,9.31
308,Leningradskiy,RU,2022-03-27 17:58:33,69.3833,178.4167,-14.73,92,4,5.19
309,Kouango,CF,2022-03-27 17:58:33,4.9934,19.9619,85.96,17,20,3.31
310,Teguise,ES,2022-03-27 17:58:34,29.0605,-13.564,68.22,53,75,14.97
311,Airai,TL,2022-03-27 17:58:34,-8.9266,125.4092,60.6,92,100,0.54
312,Ribeira Grande,PT,2022-03-27 17:58:34,38.5167,-28.7,64.8,63,20,17.27
313,Gazanjyk,TM,2022-03-27 17:58:35,39.2446,55.5154,54.25,47,4,3.04
314,Amahai,ID,2022-03-27 17:58:35,-3.3333,128.9167,76.62,88,100,4.83
315,Nizwa,OM,2022-03-27 17:58:35,22.9333,57.5333,80.85,23,0,7.7
316,Beloha,MG,2022-03-27 17:58:36,-25.1667,45.05,73.06,89,99,10.76
317,Farafangana,MG,2022-03-27 17:58:36,-22.8167,47.8333,77.4,91,61,6.08
318,Basud,PH,2022-03-27 17:58:36,14.065,122.9642,78.15,86,100,5.93
319,Bud,US,2022-03-27 17:58:37,39.447,-86.1758,40.48,48,15,12.55
320,San Quintin,MX,2022-03-27 17:58:37,30.4833,-115.95,65.01,63,35,7.67
321,Porto Novo,BJ,2022-03-27 17:58:37,6.4965,2.6036,87.62,74,45,11.48
322,Taoudenni,ML,2022-03-27 17:59:38,22.6783,-3.9836,96.4,17,2,1.45
323,Tabuk,PH,2022-03-27 17:59:38,17.4189,121.4443,73.8,88,52,2.77
324,Namibe,AO,2022-03-27 17:59:39,-15.1961,12.1522,75.83,64,20,18.41
325,Jeremoabo,BR,2022-03-27 17:59:39,-10.075,-38.4808,85.93,52,74,9.6
326,San Patricio,US,2022-03-27 17:59:39,28.017,-97.5169,82.49,34,100,16.02
327,Kiunga,PG,2022-03-27 17:59:40,-6.1219,141.2906,72.28,99,100,2.19
328,Ilulissat,GL,2022-03-27 17:59:40,69.2167,-51.1,27.72,77,38,7.65
329,Saint-Denis,FR,2022-03-27 17:59:40,48.9167,2.3333,68.05,31,0,6.91
330,Siniscola,IT,2022-03-27 17:59:41,40.5719,9.6922,58.55,87,100,5.08
331,Aykhal,RU,2022-03-27 17:59:41,66.0,111.5,-0.85,100,86,5.19
332,Alofi,NU,2022-03-27 17:59:41,-19.0595,-169.9187,78.69,89,100,10.36
333,Ust-Omchug,RU,2022-03-27 17:59:42,61.15,149.6333,-18.02,100,81,3.38
334,Bystryy Istok,RU,2022-03-27 17:59:42,52.371,84.3873,29.75,99,100,3.74
335,Atlantic City,US,2022-03-27 17:59:42,39.3643,-74.4229,45.03,48,48,21.68
336,Suntar,RU,2022-03-27 17:59:43,62.1444,117.6319,2.41,100,97,1.99
337,Kalmar,SE,2022-03-27 17:59:43,56.6616,16.3616,51.15,71,0,12.66
338,Haines Junction,CA,2022-03-27 17:59:43,60.7522,-137.5108,15.75,67,76,3.44
339,Pangnirtung,CA,2022-03-27 17:59:44,66.1451,-65.7125,12.2,85,20,6.91
340,El Alto,PE,2022-03-27 17:59:44,-4.2714,-81.2147,82.06,68,100,12.06
341,Canala,NC,2022-03-27 17:59:44,-21.5333,165.95,73.15,83,31,6.33
342,Kenai,US,2022-03-27 17:56:52,60.5544,-151.2583,33.15,72,99,8.77
343,Matara,LK,2022-03-27 17:59:45,5.9485,80.5353,78.37,87,16,6.78
344,Senno,RU,2022-03-27 17:59:45,59.5336,33.9167,19.26,88,85,7.47
345,Salalah,OM,2022-03-27 17:59:45,17.0151,54.0924,78.15,53,7,2.77
346,Ixtapa,MX,2022-03-27 17:59:46,20.7,-105.2,92.23,16,5,7.23
347,Mount Isa,AU,2022-03-27 17:59:46,-20.7333,139.5,73.17,28,1,9.22
348,Hovd,MN,2022-03-27 17:59:46,48.0056,91.6419,35.35,43,100,7.27
349,Mareeba,AU,2022-03-27 17:59:47,-17.0,145.4333,68.72,98,87,1.07
350,Hami,CN,2022-03-27 17:59:47,42.8,93.45,49.75,33,100,20.58
351,Angoram,PG,2022-03-27 17:59:47,-4.0625,144.0661,73.65,99,96,2.1
352,Gushikawa,JP,2022-03-27 17:59:48,26.3544,127.8686,65.43,88,20,8.05
353,Jieshou,CN,2022-03-27 17:59:48,33.2634,115.3611,45.95,80,100,7.29
354,Port Augusta,AU,2022-03-27 17:59:48,-32.5,137.7667,68.59,51,81,7.36
355,Rio Verde De Mato Grosso,BR,2022-03-27 17:59:49,-18.9181,-54.8442,85.17,65,84,1.86
356,San-Pedro,CI,2022-03-27 17:59:49,4.7485,-6.6363,82.58,75,77,8.52
357,Dalby,AU,2022-03-27 17:59:49,-27.1833,151.2667,61.99,97,99,1.01
358,Moerai,PF,2022-03-27 17:59:50,-22.4333,-151.3333,79.83,76,70,7.02
359,Carlagan,PH,2022-03-27 17:59:50,14.975,122.0456,79.75,78,87,6.49
360,Guerrero Negro,MX,2022-03-27 17:59:50,27.9769,-114.0611,69.06,52,100,8.41
361,Sulangan,PH,2022-03-27 17:59:51,11.1373,123.7228,80.89,80,84,12.33
362,Shakawe,BW,2022-03-27 17:59:51,-18.3667,21.85,75.31,55,38,5.32
363,Poya,NC,2022-03-27 17:59:51,-21.35,165.15,74.12,86,33,3.78
364,Tupik,RU,2022-03-27 17:59:52,54.4253,119.9327,13.95,94,61,4.07
365,Lompoc,US,2022-03-27 17:59:52,34.6391,-120.4579,63.59,75,100,10.0
366,Cognac,FR,2022-03-27 17:59:52,45.5,-0.25,68.77,39,0,4.61
367,Ambovombe,MG,2022-03-27 17:59:53,-25.1667,46.0833,73.92,90,93,13.24
368,Severo-Kurilsk,RU,2022-03-27 17:59:53,50.6789,156.125,32.61,90,98,13.69
369,Laurel,US,2022-03-27 17:59:53,39.0993,-76.8483,44.02,49,100,16.11
370,Mehamn,NO,2022-03-27 17:59:54,71.0357,27.8492,17.37,71,87,1.72
371,Howard Springs,AU,2022-03-27 17:59:54,-12.497,131.047,76.91,98,100,3.29
372,Chapleau,CA,2022-03-27 18:00:46,47.8405,-83.4034,7.3,70,100,12.17
373,Chesma,RU,2022-03-27 18:00:55,53.8111,60.6533,22.87,93,86,12.73
374,Tura,IN,2022-03-27 18:00:55,25.5198,90.2201,71.82,51,13,4.52
375,Ocos,GT,2022-03-27 18:00:56,14.5094,-92.1933,83.88,66,97,6.29
376,Iquique,CL,2022-03-27 17:59:31,-20.2208,-70.1431,69.84,69,6,10.38
377,Havoysund,NO,2022-03-27 18:00:56,70.9963,24.6622,19.63,73,88,10.18
378,Palana,RU,2022-03-27 18:00:57,59.1167,159.9667,9.25,85,100,7.58
379,Tuxpan,MX,2022-03-27 18:00:57,19.55,-103.4,87.93,11,10,5.48
380,Muros,ES,2022-03-27 18:00:57,42.7762,-9.0603,63.84,64,66,3.38
381,Pasni,PK,2022-03-27 18:00:58,25.2631,63.471,78.53,70,0,12.46
382,Leca Da Palmeira,PT,2022-03-27 18:00:58,41.191,-8.7003,70.18,58,20,9.22
383,Krasnoarmeysk,RU,2022-03-27 18:00:59,51.0239,45.6969,26.47,82,94,15.64
384,Svetlyy,RU,2022-03-27 18:00:59,54.675,20.1347,46.45,64,99,9.37
385,Roald,NO,2022-03-27 18:00:59,62.5833,6.1333,49.33,76,75,29.93
386,Lucapa,AO,2022-03-27 18:01:00,-8.4192,20.7447,71.85,86,99,3.74
387,Berdigestyakh,RU,2022-03-27 18:01:00,62.0989,126.6992,6.51,96,64,4.9
388,La Romana,DO,2022-03-27 18:00:11,18.4273,-68.9728,83.64,57,26,13.69
389,Thunder Bay,CA,2022-03-27 18:00:46,48.4001,-89.3168,15.3,45,67,5.99
390,Freeport,US,2022-03-27 17:56:49,40.6576,-73.5832,47.97,47,68,13.0
391,Pangkalanbuun,ID,2022-03-27 18:00:20,-2.6833,111.6167,74.61,96,75,2.71
392,Keuruu,FI,2022-03-27 18:01:01,62.2667,24.7,23.81,94,100,12.88
393,Ancud,CL,2022-03-27 18:01:01,-41.8697,-73.8203,54.23,69,59,15.59
394,Garowe,SO,2022-03-27 18:01:02,8.4054,48.4845,77.5,39,40,15.3
395,Kamenka,RU,2022-03-27 18:01:02,51.3223,42.7678,25.02,79,100,17.58
396,General Pico,AR,2022-03-27 18:01:03,-35.6566,-63.7568,80.98,24,0,6.78
397,Pacifica,US,2022-03-27 18:00:07,37.6138,-122.4869,63.0,76,75,8.99
398,Saint Paul,US,2022-03-27 17:57:04,44.9444,-93.0933,27.91,34,0,8.05
399,Muisne,EC,2022-03-27 18:01:03,0.6,-80.0333,82.51,70,87,5.79
400,Cockburn Town,TC,2022-03-27 18:01:04,21.4612,-71.1419,76.51,74,95,18.88
401,Calama,CL,2022-03-27 17:59:24,-22.4667,-68.9333,75.69,13,0,14.97
402,Merrill,US,2022-03-27 18:01:04,45.1805,-89.6835,22.68,40,0,16.11
403,Kargat,RU,2022-03-27 18:01:05,55.1956,80.2811,11.32,94,100,7.7
404,Salinopolis,BR,2022-03-27 18:01:05,-0.6136,-47.3561,81.81,76,100,11.07
405,Pedernales,DO,2022-03-27 18:01:05,18.0384,-71.744,79.99,68,60,6.89
406,Chapais,CA,2022-03-27 18:01:06,49.7834,-74.8492,8.38,83,100,12.53
407,Ponta Delgada,PT,2022-03-27 18:01:06,37.7333,-25.6667,65.12,72,20,19.57
408,Chkalovskoye,RU,2022-03-27 18:01:07,44.8392,133.0436,31.26,76,76,10.65
409,Gogrial,SS,2022-03-27 18:01:07,8.5332,28.1004,87.76,10,100,5.53
410,Pevek,RU,2022-03-27 18:01:07,69.7008,170.3133,-17.5,100,89,6.98
411,Alyangula,AU,2022-03-27 18:01:08,-13.8483,136.4192,80.65,78,100,5.75
412,Mao,ES,2022-03-27 18:01:08,39.8885,4.2658,57.76,82,40,9.22
413,Hoquiam,US,2022-03-27 18:01:08,46.9809,-123.8893,54.95,96,100,0.0
414,Tuatapere,NZ,2022-03-27 18:01:09,-46.1333,167.6833,50.18,94,11,2.57
415,Mokhotlong,LS,2022-03-27 18:01:09,-29.2894,29.0675,51.62,80,10,5.21
416,Siavonga,ZM,2022-03-27 18:01:10,-16.5382,28.7088,76.48,84,96,2.8
417,Worcester,US,2022-03-27 17:59:26,42.3334,-71.8328,47.5,51,72,4.0
418,Acarau,BR,2022-03-27 18:01:10,-2.8856,-40.12,82.17,78,90,11.54
419,Capitao Poco,BR,2022-03-27 18:02:11,-1.7464,-47.0594,81.81,86,100,7.78
420,Atambua,ID,2022-03-27 18:02:11,-9.1061,124.8925,73.49,89,98,1.92
421,Bilma,NE,2022-03-27 18:02:12,18.6853,12.9164,80.62,7,13,6.67
422,Mnogovershinnyy,RU,2022-03-27 18:02:12,53.9353,139.9242,3.02,95,100,7.43
423,Guntur,IN,2022-03-27 18:00:22,16.3,80.45,82.96,73,97,10.87
424,Keetmanshoop,NA,2022-03-27 18:00:23,-26.5833,18.1333,88.25,26,50,14.58
425,Ocala,US,2022-03-27 18:01:51,29.1872,-82.1401,79.18,26,0,8.05
426,Chitral,PK,2022-03-27 18:00:13,35.8462,71.7858,54.0,73,87,2.86
427,Sisimiut,GL,2022-03-27 18:02:13,66.9395,-53.6735,31.93,70,62,6.4
428,Gander,CA,2022-03-27 18:02:13,48.9682,-54.5906,35.73,100,100,17.27
429,Luebo,CD,2022-03-27 18:02:14,-5.35,21.4167,77.95,73,100,1.07
430,Oktyabrskiy,RU,2022-03-27 18:02:14,54.4815,53.471,33.28,97,100,12.88
431,Vila,PT,2022-03-27 18:02:14,42.0304,-8.1588,57.7,50,98,0.47
432,Loukhi,RU,2022-03-27 18:02:15,66.0764,33.0381,5.59,95,9,4.05
433,Ziro,IN,2022-03-27 18:02:15,27.6333,93.8333,48.38,88,23,1.63
434,Kieta,PG,2022-03-27 18:02:15,-6.2167,155.6333,78.53,84,100,1.48
435,Codrington,AU,2022-03-27 18:02:16,-38.2667,141.9667,64.09,80,100,8.68
436,Boden,SE,2022-03-27 18:02:16,65.8252,21.6886,24.8,95,100,12.86
437,Cansilayan,PH,2022-03-27 18:02:16,10.5598,123.0184,77.7,79,82,4.21
438,Itaqui,BR,2022-03-27 18:02:17,-29.1253,-56.5531,79.99,46,0,5.23
439,Tamworth,GB,2022-03-27 18:02:17,52.634,-1.6959,55.83,77,100,4.0
440,Auburn,US,2022-03-27 18:01:15,47.3073,-122.2284,58.68,84,75,4.61
441,Lavrentiya,RU,2022-03-27 18:02:18,65.5833,-171.0,5.85,82,99,3.94
442,Valley,US,2022-03-27 18:02:18,45.1277,-116.1262,46.36,66,100,3.44
443,Carauari,BR,2022-03-27 18:02:20,-4.8828,-66.8958,76.64,94,100,3.53
444,Thompson,CA,2022-03-27 17:59:29,55.7435,-97.8558,1.56,42,0,3.44
445,Porto Velho,BR,2022-03-27 18:02:21,-8.7619,-63.9039,87.96,56,84,2.62
446,Shimoda,JP,2022-03-27 18:02:22,34.6667,138.95,54.1,69,82,12.03
447,Riyadh,SA,2022-03-27 18:00:02,24.6877,46.7219,66.45,19,0,10.33
448,Mogadishu,SO,2022-03-27 17:58:47,2.0371,45.3438,81.34,74,17,17.72
449,Torbat-E Jam,IR,2022-03-27 18:02:22,35.244,60.6225,52.2,46,0,3.56
450,Kizema,RU,2022-03-27 18:02:23,61.113,44.8302,16.43,88,100,14.54
451,Novouzensk,RU,2022-03-27 18:02:23,50.4592,48.1431,27.12,92,82,8.57
452,Neiafu,TO,2022-03-27 18:02:23,-18.65,-173.9833,80.73,79,89,8.12
453,Lubango,AO,2022-03-27 18:02:24,-14.9172,13.4925,65.5,63,100,3.49
454,Comodoro Rivadavia,AR,2022-03-27 18:00:01,-45.8667,-67.5,65.16,31,24,31.47
455,Tiassale,CI,2022-03-27 18:02:24,5.8983,-4.8283,86.65,60,71,8.03
456,Mukhen,RU,2022-03-27 18:02:25,48.1,136.1,22.78,97,100,3.47
457,Asau,RO,2022-03-27 18:02:25,46.4333,26.4,38.32,52,87,2.37
458,Paamiut,GL,2022-03-27 18:02:25,61.994,-49.6678,31.91,71,98,5.57
459,Autazes,BR,2022-03-27 18:02:26,-3.5797,-59.1306,85.71,70,99,3.71
460,Sarkand,KZ,2022-03-27 18:02:26,45.41,79.9186,35.94,70,67,5.59
461,Waw,SS,2022-03-27 18:00:05,7.7029,27.9953,85.24,11,76,4.43
462,Sola,VU,2022-03-27 18:02:27,-13.8833,167.55,82.33,73,84,8.5
463,Tabas,IR,2022-03-27 18:02:27,33.5959,56.9244,63.64,15,0,4.09
464,Kapit,MY,2022-03-27 18:02:27,2.0167,112.9333,72.59,99,97,1.16
465,Constitucion,CL,2022-03-27 18:03:28,-35.3333,-72.4167,67.42,57,52,16.28
466,Grindavik,IS,2022-03-27 18:03:28,63.8424,-22.4338,39.67,87,100,18.41
467,Walvis Bay,NA,2022-03-27 18:03:28,-22.9575,14.5053,63.09,75,8,6.82
468,Cowansville,CA,2022-03-27 18:00:03,45.2001,-72.7491,31.08,73,100,15.46
469,Kungurtug,RU,2022-03-27 18:03:29,50.5994,97.5228,20.62,96,100,1.54
470,Harindanga,IN,2022-03-27 18:03:29,22.0383,88.3214,79.63,89,76,11.12
471,Laguna,US,2022-03-27 18:03:30,38.421,-121.4238,66.49,66,0,8.05
472,Charlottetown,CA,2022-03-27 18:00:46,46.2352,-63.1267,40.55,93,99,11.01
473,Udachnyy,RU,2022-03-27 18:03:30,66.4167,112.4,-4.76,100,86,4.47
474,Santa Cruz,BO,2022-03-27 18:03:30,-17.8,-63.1667,83.05,46,94,5.14
475,Saint Anthony,US,2022-03-27 18:00:46,45.0205,-93.218,27.66,35,0,6.91
476,Marquette,US,2022-03-27 17:59:35,46.5333,-87.6335,15.67,56,100,14.05
477,Khandbari,NP,2022-03-27 18:03:31,27.3747,87.2039,64.44,32,0,4.97
478,Saldus,LV,2022-03-27 18:03:31,56.6636,22.4881,34.63,66,100,10.85
479,Grand Island,US,2022-03-27 18:03:32,40.925,-98.342,42.24,25,20,11.5
480,Jahangirabad,IN,2022-03-27 18:03:32,28.4167,78.1,78.89,10,1,7.23
481,Shenjiamen,CN,2022-03-27 18:03:32,29.9576,122.298,50.76,84,100,12.91
482,Pervomayskoye,RU,2022-03-27 18:03:33,43.919,46.7102,43.56,77,81,19.44
483,Yar-Sale,RU,2022-03-27 18:03:33,66.8333,70.8333,10.42,97,83,11.16
484,Flinders,AU,2022-03-27 18:03:33,-34.5833,150.8552,68.38,94,96,5.99
485,Benjamin Aceval,PY,2022-03-27 18:03:34,-24.9667,-57.5667,87.89,34,0,4.03
486,Sarti,GR,2022-03-27 18:03:34,40.1,23.9833,55.74,74,60,5.88
487,Katherine,AU,2022-03-27 18:03:34,-14.4667,132.2667,79.12,73,96,0.0
488,Waddan,LY,2022-03-27 18:03:35,29.1614,16.139,74.07,8,0,11.43
489,Saldanha,ZA,2022-03-27 18:03:35,-33.0117,17.9442,64.33,76,31,5.06
490,Ribeira Brava,PT,2022-03-27 18:03:35,32.65,-17.0667,63.23,81,64,6.38
491,Boundiali,CI,2022-03-27 18:03:36,9.5217,-6.4869,95.9,26,65,4.59
492,Leh,IN,2022-03-27 18:03:36,34.1667,77.5833,22.66,59,0,2.37
493,Sursk,RU,2022-03-27 18:03:36,53.0754,45.6846,23.43,91,98,12.66
494,Honiara,SB,2022-03-27 18:03:37,-9.4333,159.95,76.8,87,100,2.62
495,Kargopol,RU,2022-03-27 18:03:37,61.5071,38.9456,17.83,81,66,10.96
496,Eureka,US,2022-03-27 18:03:37,40.8021,-124.1637,53.58,90,100,5.01
497,Orotukan,RU,2022-03-27 18:03:38,62.2667,151.7,-10.01,100,75,2.89
498,Filadelfia,US,2022-03-27 18:02:06,39.9523,-75.1638,44.56,60,76,8.01
499,Aviles,ES,2022-03-27 18:03:38,43.5547,-5.9248,66.18,66,0,2.3
500,Portobelo,PA,2022-03-27 18:03:39,9.55,-79.65,82.72,82,91,12.48
501,Bantou,CN,2022-03-27 18:03:39,26.2151,117.4893,56.26,96,100,2.39
502,Rio Gallegos,AR,2022-03-27 18:03:39,-51.6226,-69.2181,57.76,34,100,18.16
503,Augusto Correa,BR,2022-03-27 18:03:40,-1.0217,-46.635,83.73,70,96,6.67
504,Zdvinsk,RU,2022-03-27 18:03:40,54.7021,78.661,14.14,93,88,6.76
505,Hyeres,FR,2022-03-27 18:03:14,43.1167,6.1167,66.85,39,0,4.61
506,Kindu,CD,2022-03-27 18:03:40,-2.95,25.95,77.81,75,99,2.15
507,Bajil,YE,2022-03-27 18:03:41,15.0584,43.2851,79.25,68,22,4.25
508,Snezhnogorsk,RU,2022-03-27 18:03:41,69.1933,33.2531,15.58,83,100,3.0
509,Warrington,GB,2022-03-27 18:02:29,53.3925,-2.5802,60.46,69,75,6.91
510,Pshekhskaya,RU,2022-03-27 18:03:42,44.696,39.7967,36.37,81,99,16.2
511,Ouro Preto Do Oeste,BR,2022-03-27 18:03:42,-10.7481,-62.2158,85.8,71,64,2.66
512,Namtsy,RU,2022-03-27 18:03:42,62.7161,129.6658,3.96,99,100,3.89
513,Yumen,CN,2022-03-27 18:04:43,40.2833,97.2,46.65,19,52,6.33
514,Hagere Hiywet,ET,2022-03-27 18:04:43,8.9833,37.85,64.69,47,71,10.96
515,Faya,SA,2022-03-27 18:04:43,18.3851,42.4509,61.32,49,0,7.07
516,High Level,CA,2022-03-27 18:04:44,58.5169,-117.136,26.19,90,100,3.15
517,Christchurch,NZ,2022-03-27 18:00:28,-43.5333,172.6333,57.94,88,40,3.44
518,Shache,CN,2022-03-27 18:04:44,38.4167,77.2406,56.3,31,35,5.7
519,Soyo,AO,2022-03-27 18:04:45,-6.1349,12.3689,81.18,87,71,10.09
520,Xuchang,CN,2022-03-27 18:04:45,34.0167,113.8167,44.74,50,85,5.03
521,Kiama,AU,2022-03-27 18:04:45,-34.6833,150.8667,68.58,95,98,1.01
522,Shunyi,CN,2022-03-27 18:04:46,40.125,116.6453,48.15,23,0,8.99
523,Birao,CF,2022-03-27 18:04:46,10.2849,22.7882,81.45,10,95,6.51
524,Carballo,ES,2022-03-27 18:04:46,43.213,-8.691,65.62,78,87,1.59
525,Jiaonan,CN,2022-03-27 18:04:47,35.8786,119.9753,42.76,62,96,6.22
526,Thaba-Tseka,LS,2022-03-27 18:04:47,-29.522,28.6084,53.56,53,18,5.21
527,Maun,BW,2022-03-27 18:04:47,-19.9833,23.4167,76.03,54,62,4.59
528,San Isidro,PE,2022-03-27 18:04:48,-12.1167,-77.05,76.59,61,0,6.91
529,Mendoza,AR,2022-03-27 18:04:48,-32.8908,-68.8272,82.63,18,1,7.63
530,Kamyshlov,RU,2022-03-27 18:04:48,56.8428,62.7111,20.21,92,100,14.97
531,Coihaique,CL,2022-03-27 18:04:02,-45.5752,-72.0662,51.75,71,75,3.44
532,Bar Harbor,US,2022-03-27 18:00:19,44.3876,-68.2039,50.61,65,44,11.99
533,Palanit,PH,2022-03-27 18:04:49,12.3213,124.3434,77.58,89,100,5.82
534,Terney,RU,2022-03-27 18:04:49,45.0503,136.6092,32.5,76,8,10.98
535,Kruisfontein,ZA,2022-03-27 18:04:50,-34.0033,24.7314,70.88,81,100,12.35
536,Capaci,IT,2022-03-27 18:04:50,38.1711,13.2393,62.26,67,0,16.11
537,Shuya,RU,2022-03-27 18:04:50,56.8487,41.3883,22.33,71,100,16.75
538,Kudahuvadhoo,MV,2022-03-27 18:04:51,2.6708,72.8944,82.53,67,3,8.39
539,Mutoko,ZW,2022-03-27 18:04:51,-17.397,32.2268,65.25,93,100,6.04
540,Pogranichnyy,RU,2022-03-27 18:04:51,44.4064,131.3769,32.86,54,0,14.54
541,Chengde,CN,2022-03-27 18:02:56,40.9725,117.9361,36.75,30,0,1.66
542,Yarada,IN,2022-03-27 18:04:52,17.65,83.2667,82.72,89,40,4.61
543,Kandalaksha,RU,2022-03-27 18:04:52,67.162,32.4123,7.05,94,13,3.22
544,Leshukonskoye,RU,2022-03-27 18:04:52,64.8989,45.7622,13.53,78,100,13.85
545,Avera,US,2022-03-27 18:04:53,33.194,-82.5271,65.91,27,3,17.07
546,Lasem,ID,2022-03-27 18:04:53,-6.6922,111.4527,77.25,90,94,5.17
547,Shemonaikha,KZ,2022-03-27 18:04:53,50.6328,81.9056,33.98,98,100,13.53
548,College,US,2022-03-27 18:01:19,64.8569,-147.8028,32.79,79,100,1.86
549,Breyten,ZA,2022-03-27 18:04:54,-26.3018,29.987,56.46,96,21,9.35
550,Ponta Pora,BR,2022-03-27 18:04:54,-22.5361,-55.7256,78.71,61,75,0.0
551,Fort Nelson,CA,2022-03-27 18:00:46,58.8053,-122.7002,25.25,92,100,2.35
552,Aichach,DE,2022-03-27 18:04:55,48.4576,11.1341,61.65,57,0,4.61
553,Villa Carlos Paz,AR,2022-03-27 18:04:55,-31.4241,-64.4978,88.05,23,6,1.99
554,Lulea,SE,2022-03-27 18:04:55,65.5842,22.1547,24.87,93,100,27.63
555,Ust-Tsilma,RU,2022-03-27 18:04:56,65.441,52.1498,15.85,95,100,10.22
556,Millinocket,US,2022-03-27 18:04:56,45.6573,-68.7098,44.71,53,100,12.66
557,Sapa,PH,2022-03-27 18:04:57,5.1544,120.3241,79.25,82,98,8.55
558,Katima Mulilo,NA,2022-03-27 18:04:57,-17.5,24.2667,75.24,66,63,4.9
559,Cumpas,MX,2022-03-27 18:04:57,29.9833,-109.7833,80.26,11,82,6.89
560,Esso,RU,2022-03-27 18:04:58,55.9333,158.7,11.73,98,100,8.43
561,Bukama,CD,2022-03-27 18:05:58,-9.2,25.85,74.64,87,93,1.52
562,Coquimbo,CL,2022-03-27 18:05:58,-29.9533,-71.3436,68.13,69,19,6.33
563,Sambava,MG,2022-03-27 18:05:59,-14.2667,50.1667,78.64,85,46,3.78
564,Goderich,CA,2022-03-27 18:01:35,43.7501,-81.7165,21.9,76,100,27.29
565,Souillac,MU,2022-03-27 18:05:59,-20.5167,57.5167,79.18,83,40,0.0
566,Lodwar,KE,2022-03-27 18:06:00,3.1191,35.5973,88.34,45,59,18.41
567,Pinsk,BY,2022-03-27 18:06:00,52.1229,26.0951,33.37,47,98,7.07
568,Sharjah,AE,2022-03-27 18:03:43,25.3573,55.4033,73.83,57,0,16.62
569,Balarampur,IN,2022-03-27 18:06:00,23.1167,86.2167,78.17,12,67,1.25
570,Ukiah,US,2022-03-27 18:06:01,39.1502,-123.2078,60.64,76,0,10.36
571,Sorong,ID,2022-03-27 18:06:01,-0.8833,131.25,80.24,80,90,2.24
572,Birin,NP,2022-03-27 18:06:01,26.8865,88.0718,60.4,32,1,6.73
573,Ulaangom,MN,2022-03-27 18:06:02,49.9811,92.0667,7.2,86,73,5.28
574,Sri Aman,MY,2022-03-27 18:06:02,1.2376,111.4621,72.57,99,100,0.63
575,Katangli,RU,2022-03-27 18:06:02,51.7102,143.2326,20.08,91,100,28.34
576,Tonantins,BR,2022-03-27 18:06:03,-2.8731,-67.8022,73.94,99,100,1.43
577,Two Hills,CA,2022-03-27 18:06:03,53.7169,-111.7518,25.48,84,82,6.04
578,Kolosovka,RU,2022-03-27 18:06:04,56.4678,73.611,-1.39,100,57,4.81
579,Clinton,US,2022-03-27 18:06:04,42.587,-82.9199,29.97,56,75,17.27
580,Hearst,CA,2022-03-27 18:06:04,49.6835,-83.6665,4.66,78,100,12.37
581,Nizhniy Tsasuchey,RU,2022-03-27 18:06:05,50.5167,115.1333,25.0,64,13,5.97
582,Apastovo,RU,2022-03-27 18:06:05,55.2029,48.5109,26.89,90,65,12.95
583,Galesong,ID,2022-03-27 18:06:05,-5.3166,119.3661,77.02,80,87,5.28
